Title,Genre,Premiere,Runtime,IMDB Score,Language,Day Released
Enter the Anime,Documentary,8/5/2019,58,2.5,English/Japanese,Monday
Dark Forces,Thriller,8/21/2020,81,2.6,Spanish,Friday
The App,Science fiction/Drama,12/26/2019,79,2.6,Italian,Thursday
The Open House,Horror thriller,1/19/2018,94,3.2,English,Friday
Kaali Khuhi,Mystery,10/30/2020,90,3.4,Hindi,Friday
Drive,Action,11/1/2019,147,3.5,Hindi,Friday
Leyla Everlasting,Comedy,12/4/2020,112,3.7,Turkish,Friday
The Last Days of American Crime,Heist film/Thriller,6/5/2020,149,3.7,English,Friday
Paradox,Musical/Western/Fantasy,3/23/2018,73,3.9,English,Friday
Sardar Ka Grandson,Comedy,5/18/2021,139,4.1,Hindi,Tuesday
Searching for Sheela,Documentary,4/22/2021,58,4.1,English,Thursday
The Call,Drama,11/27/2020,112,4.1,Korean,Friday
Whipped,Romantic comedy,9/18/2020,97,4.1,Indonesian,Friday
All Because of You,Action comedy,10/1/2020,101,4.2,Malay,Thursday
Mercy,Thriller,11/22/2016,90,4.2,English,Tuesday
After the Raid,Documentary,12/19/2019,25,4.3,Spanish,Thursday
Ghost Stories,Horror anthology,1/1/2020,144,4.3,Hindi,Wednesday
The Last Thing He Wanted,Political thriller,2/21/2020,115,4.3,English,Friday
What Happened to Mr. Cha?,Comedy,1/1/2021,102,4.3,Korean,Friday
Death Note,Horror thriller,8/25/2017,100,4.4,English,Friday
"Hello Privilege. It's Me, Chelsea",Documentary,9/13/2019,64,4.4,English,Friday
Secret Obsession,Thriller,7/18/2019,97,4.4,English,Thursday
Sextuplets,Comedy,8/16/2019,99,4.4,English,Friday
The Girl on the Train,Thriller,2/26/2021,120,4.4,Hindi,Friday
Thunder Force,Superhero-Comedy,4/9/2021,105,4.4,English,Friday
Fatal Affair,Thriller,7/16/2020,89,4.5,English,Thursday
Just Say Yes,Romantic comedy,4/2/2021,97,4.5,Dutch,Friday
Seriously Single,Comedy,7/31/2020,107,4.5,English,Friday
The Misadventures of Hedi and Cokeman,Comedy,2/10/2021,99,4.5,French,Wednesday
5 Star Christmas,Comedy,12/7/2018,95,4.6,Italian,Friday
After Maria,Documentary,5/24/2019,37,4.6,English/Spanish,Friday
I Am the Pretty Thing That Lives in the House,Horror,10/28/2016,89,4.6,English,Friday
Paris Is Us,Romance drama,2/22/2019,83,4.6,French,Friday
Porta dos Fundos: The First Temptation of Christ,Comedy,12/3/2019,46,4.6,Portuguese,Tuesday
Rattlesnake,Horror,10/25/2019,85,4.6,English,Friday
The Players,Comedy,7/15/2020,88,4.6,Italian,Wednesday
We Are One,Documentary,7/14/2020,86,4.6,French,Tuesday
Finding Agnes,Drama,11/30/2020,105,4.7,Filipino,Monday
IO,Science fiction/Drama,1/18/2019,95,4.7,English,Friday
Sentinelle,Action,3/5/2021,80,4.7,French,Friday
Sol Levante,Anime / Short,4/2/2020,4,4.7,English,Thursday
The Binding,Drama,10/2/2020,93,4.7,Italian,Friday
We Can Be Heroes,Superhero,12/25/2020,100,4.7,English,Friday
Christmas Crossfire,Thriller,12/4/2020,106,4.8,German,Friday
Coin Heist,Heist,1/6/2017,97,4.8,English,Friday
Mrs. Serial Killer,Thriller,5/1/2020,106,4.8,Hindi,Friday
Nobody Sleeps in the Woods Tonight,Horror,10/28/2020,103,4.8,Polish,Wednesday
Take the 10,Comedy,1/20/2017,80,4.8,English,Friday
The Main Event,Comedy,4/10/2020,101,4.8,English,Friday
The Ridiculous 6,Western,12/11/2015,119,4.8,English,Friday
Earth and Blood,Action,4/17/2020,80,4.9,French,Friday
Fearless,Animation/Superhero,8/14/2020,89,4.9,English,Friday
Holiday Rush,Family film,11/28/2019,94,4.9,English,Thursday
The Day of the Lord,Drama,10/30/2020,93,4.9,Spanish,Friday
Airplane Mode,Comedy,1/23/2020,96,5.0,Portuguese,Thursday
How It Ends,Action-thriller,7/13/2018,113,5.0,English,Friday
Love Like the Falling Rain,Drama,10/15/2020,86,5.0,Indonesian,Thursday
Rebirth,Thriller,7/15/2016,100,5.0,English,Friday
Squared Love,Romantic comedy,2/11/2021,102,5.0,Polish,Thursday
Cadaver,Horror,10/22/2020,86,5.1,Norwegian,Thursday
Clinical,Thriller,1/13/2017,104,5.1,English,Friday
Coffee & Kareem,Action comedy,4/3/2020,88,5.1,English,Friday
Dude,Teen comedy-drama,4/20/2018,97,5.1,English,Friday
Geez & Ann,Romantic drama,2/25/2021,105,5.1,Indonesian,Thursday
The Larva Island Movie,Animation,7/23/2020,90,5.1,English,Thursday
#REALITYHIGH,Comedy,9/8/2017,99,5.2,English,Friday
American Factory: A Conversation with the Obamas ,Aftershow / Interview,8/21/2019,10,5.2,English,Wednesday
Desperados,Romantic comedy,7/3/2020,106,5.2,English,Friday
Dolly Parton's Christmas on the Square,Christmas musical,11/22/2020,98,5.2,English,Sunday
Father of the Year,Comedy,7/20/2018,94,5.2,English,Friday
Firebrand,Drama,2/22/2019,112,5.2,Marathi,Friday
Ghost Lab,Horror,5/26/2021,117,5.2,Thai,Wednesday
Girlfriend's Day,Comedy,2/14/2017,70,5.2,English,Tuesday
Handsome: A Netflix Mystery Movie,Comedy,5/5/2017,81,5.2,English,Friday
Hubie Halloween,Comedy,10/7/2020,103,5.2,English,Wednesday
Ibiza,Comedy,5/25/2018,94,5.2,English,Friday
Rim of the World,Science fiction adventure,5/24/2019,98,5.2,English,Friday
Sandy Wexler,Comedy,4/14/2017,131,5.2,English,Friday
See You Yesterday,Science fiction,5/17/2019,87,5.2,English,Friday
Still Laugh-In: The Stars Celebrate,Variety show,5/14/2019,60,5.2,English,Tuesday
"Strip Down, Rise Up",Documentary,2/5/2021,112,5.2,English,Friday
Tall Girl,Comedy-drama,9/13/2019,102,5.2,English,Friday
The Beast,Drama,11/27/2020,99,5.2,Italian,Friday
The Week Of,Comedy,4/27/2018,116,5.2,English,Friday
A Christmas Prince: The Royal Wedding,Romantic comedy,11/30/2018,92,5.3,English,Friday
Back to School,Comedy,8/30/2019,83,5.3,French,Friday
Dangerous Lies,Thriller,4/30/2020,97,5.3,English,Thursday
Gunjan Saxena: The Kargil Girl,Drama,8/12/2020,112,5.3,Hindi,Wednesday
Intuition,Thriller,5/28/2020,116,5.3,Spanish,Thursday
The Most Assassinated Woman in the World,Thriller,9/7/2018,102,5.3,French,Friday
Things Heard & Seen,Horror,4/29/2021,121,5.3,English,Thursday
"To Each, Her Own",Romantic comedy,6/24/2018,95,5.3,French,Sunday
Who Would You Take to a Deserted Island?,Drama,4/12/2019,93,5.3,Spanish,Friday
XOXO,Drama,8/26/2016,92,5.3,English,Friday
A Babysitter's Guide to Monster Hunting,Comedy/Fantasy/Family,10/15/2020,98,5.4,English,Thursday
A Christmas Prince: The Royal Baby,Romantic comedy,12/5/2019,85,5.4,English,Thursday
Despite Everything,Comedy,5/3/2019,78,5.4,Spanish,Friday
Dolly Kitty and Those Twinkling Stars,Drama,9/18/2020,120,5.4,Hindi,Friday
Freaks: You're One of Us,Supernatural drama,9/2/2020,92,5.4,German,Wednesday
"Game Over, Man!",Action/Comedy,3/23/2018,101,5.4,English,Friday
Guilty,Thriller,3/6/2020,119,5.4,Hindi,Friday
In the Tall Grass,Horror,10/4/2019,101,5.4,English,Friday
Madame Claude,Drama,4/2/2021,112,5.4,French,Friday
Naked,Comedy,8/11/2017,96,5.4,English,Friday
Outside the Wire,Action/Science fiction,1/15/2021,114,5.4,English,Friday
The Princess Switch: Switched Again,Romantic comedy,11/19/2020,97,5.4,English,Thursday
Under the Riccione Sun,Romantic teenage drama,7/1/2020,101,5.4,Italian,Wednesday
A Very Murray Christmas,Comedy / Musical,12/4/2015,56,5.5,English,Friday
Been So Long,Musical,10/26/2018,100,5.5,English,Friday
Dead Kids,Thriller,12/1/2019,94,5.5,Filipino,Sunday
Get the Grift,Comedy,4/28/2021,94,5.5,Portuguese,Wednesday
Ghosts of Sugar Land,Documentary,10/16/2019,21,5.5,English,Wednesday
House Arrest,Comedy,11/15/2019,104,5.5,Hindi,Friday
Kevin Hart's Guide to Black History,Variety show,2/8/2019,63,5.5,English,Friday
Love Wedding Repeat,Romantic comedy,4/10/2020,100,5.5,English,Friday
Mute,Science fiction/Mystery,2/23/2018,126,5.5,English,Friday
Òlòt?ré,Crime drama,10/2/2020,106,5.5,English,Friday
Red Dot,Thriller,2/11/2021,86,5.5,Swedish,Thursday
Ride or Die,Psychological thriller drama,4/15/2021,142,5.5,Japanese,Thursday
Step Sisters,Comedy,1/19/2018,108,5.5,English,Friday
The Cloverfield Paradox,Science fiction,2/4/2018,102,5.5,English,Sunday
The Knight Before Christmas,Romantic comedy,11/21/2019,92,5.5,English,Thursday
The Legacy of a Whitetail Deer Hunter,Adventure/Comedy,7/6/2018,83,5.5,English,Friday
The Package,Black comedy,8/10/2018,94,5.5,English,Friday
Unicorn Store,Comedy,4/5/2019,92,5.5,English,Friday
Wine Country,Comedy,5/10/2019,103,5.5,English,Friday
Bomb Scared,Black comedy,10/12/2017,89,5.6,Spanish/Basque,Thursday
Brahman Naman,Comedy,7/7/2016,95,5.6,English,Thursday
Double Dad,Comedy-drama,1/15/2021,103,5.6,Portuguese,Friday
Falling Inn Love,Romantic comedy,8/29/2019,97,5.6,English,Thursday
Hold the Dark,Thriller,9/28/2018,125,5.6,English,Friday
"Love, Guaranteed",Romantic comedy,9/3/2020,91,5.6,English,Thursday
One-Way to Tomorrow,Romance,6/19/2020,90,5.6,Turkish,Friday
Sarah Cooper: Everything's Fine,Variety show,10/27/2020,49,5.6,English,Tuesday
The Last Laugh,Comedy-drama,1/11/2019,98,5.6,English,Friday
The Last Paradiso,Romantic drama,2/5/2021,107,5.6,Italian,Friday
The Midnight Sky,Science fiction,12/23/2020,118,5.6,English,Wednesday
The Paramedic,Thriller,9/16/2020,94,5.6,Spanish,Wednesday
The Sleepover,Comedy,8/21/2020,103,5.6,English,Friday
Vampires vs. the Bronx,Horror comedy,10/2/2020,86,5.6,English,Friday
Why Did You Kill Me?,Documentary,4/14/2021,83,5.6,English,Wednesday
A Week Away,Christian musical,3/26/2021,97,5.7,English,Friday
Caught by a Wave,Romantic teen drama,3/25/2021,99,5.7,Italian,Thursday
Christmas Inheritance,Romantic drama,12/15/2017,104,5.7,English,Friday
Dad Wanted,Family,9/11/2020,102,5.7,Spanish,Friday
El Camino Christmas,Dark comedy,12/8/2017,89,5.7,English,Friday
Eli,Horror,10/18/2019,98,5.7,English,Friday
Ginny Weds Sunny,Romantic comedy,10/9/2020,125,5.7,Hindi,Friday
Good Sam,Drama,5/16/2019,89,5.7,English,Thursday
Lionheart,Comedy,1/4/2019,94,5.7,English,Friday
Little Evil,Comedy horror,9/1/2017,94,5.7,English,Friday
One Take,Documentary,6/18/2020,85,5.7,Thai,Thursday
"Out of Many, One",Documentary,12/12/2018,34,5.7,English,Wednesday
Point Blank,Action,7/12/2019,86,5.7,English,Friday
Prime Time,Thriller,4/14/2021,91,5.7,Polish,Wednesday
The Do-Over,Action comedy,5/27/2016,108,5.7,English,Friday
The Holiday Calendar,Romantic comedy,11/2/2018,95,5.7,English,Friday
The Woman in the Window,Psychological thriller,5/14/2021,100,5.7,English,Friday
The Wrong Missy,Comedy,5/13/2020,90,5.7,English,Wednesday
Velvet Buzzsaw,Thriller,2/1/2019,112,5.7,English,Friday
Yes Day,Comedy,3/12/2021,86,5.7,English,Friday
A California Christmas,Romantic comedy,12/14/2020,107,5.8,English,Monday
A Christmas Prince,Romantic comedy,11/17/2017,92,5.8,English,Friday
All Day and a Night,Drama,5/1/2020,121,5.8,English,Friday
American Son,Drama,11/1/2019,90,5.8,English,Friday
Barry,Biopic,12/16/2016,104,5.8,English,Friday
Candy Jar,Comedy,4/27/2018,92,5.8,English,Friday
Choked: Paisa Bolta Hai,Drama,6/5/2020,114,5.8,Hindi,Friday
Class of '83,Drama,8/21/2020,98,5.8,Hindi,Friday
Extinction,Science fiction/Thriller,7/27/2018,95,5.8,English,Friday
Happy Anniversary,Romantic comedy,3/30/2018,78,5.8,English,Friday
I Am All Girls,Thriller,5/14/2021,107,5.8,English,Friday
Let It Snow,Romantic comedy,11/8/2019,92,5.8,English,Friday
Mascots,Mockumentary,10/13/2016,95,5.8,English,Thursday
Operation Christmas Drop,Romantic comedy,11/5/2020,96,5.8,English,Thursday
Rajma Chawal,Comedy-drama,11/30/2018,118,5.8,Hindi,Friday
Rich in Love,Romantic comedy,4/30/2020,105,5.8,Portuguese,Thursday
Rising High,Satire,4/17/2020,94,5.8,German,Friday
Rodney King,One-man show,4/28/2017,52,5.8,English,Friday
Sierra Burgess Is a Loser,Romantic comedy-drama,9/7/2018,105,5.8,English,Friday
Small Crimes,Dark comedy,4/28/2017,95,5.8,English,Friday
Special Correspondents,Satire,4/29/2016,100,5.8,English,Friday
TAU,Science fiction/Thriller,6/29/2018,97,5.8,English,Friday
The After Party,Comedy,8/24/2018,89,5.8,English,Friday
The Babysitter: Killer Queen,Comedy/Horror,9/10/2020,102,5.8,English,Thursday
The Claus Family,Fantasy,12/7/2020,96,5.8,Dutch,Monday
The Kissing Booth 2,Romantic comedy,7/24/2020,131,5.8,English,Friday
The Perfect Date,Romantic comedy,4/12/2019,89,5.8,English,Friday
What We Wanted,Drama,11/11/2020,93,5.8,German,Wednesday
You've Got This,Romantic comedy,10/2/2020,111,5.8,Spanish,Friday
6 Balloons,Drama,4/6/2018,75,5.9,English,Friday
A Fall from Grace,Thriller,1/17/2020,120,5.9,English,Friday
Amateur,Sports-drama,4/6/2018,96,5.9,English,Friday
Army of the Dead,Zombie/Heist,5/21/2021,148,5.9,English,Friday
Cam,Psychological horror,11/16/2018,94,5.9,English,Friday
Earthquake Bird,Mystery,11/15/2019,107,5.9,English,Friday
"Frankenstein's Monster's Monster, Frankenstein",Mockumentary,7/16/2019,32,5.9,English,Tuesday
Horse Girl,Drama,2/7/2020,104,5.9,English,Friday
Notes from Dunblane: Lesson from a School Shooting,Documentary,9/28/2018,23,5.9,English,Friday
Maska,Romantic comedy,3/27/2020,111,5.9,Hindi,Friday
The Decline,Thriller,3/27/2020,83,5.9,French,Friday
The Minimalists: Less Is Now,Documentary,1/1/2021,53,5.9,English,Friday
The Polka King,Comedy-drama,1/12/2018,95,5.9,English,Friday
The Prom,Musical,12/11/2020,132,5.9,English,Friday
True Memoirs of an International Assassin,Action comedy,11/11/2016,98,5.9,English,Friday
Ultras,Sports film,3/20/2020,108,5.9,Italian,Friday
Come Sunday,Biopic,4/13/2018,106,6.0,English,Friday
Forgive Us Our Debts,Drama,5/4/2018,104,6.0,Italian,Friday
iBoy,Science fiction/Thriller,1/27/2017,90,6.0,English,Friday
Lovefucked,Drama,8/9/2019,106,6.0,Hindi,Friday
Juanita,Drama,3/8/2019,90,6.0,English,Friday
Murder Mystery,Comedy mystery,6/14/2019,97,6.0,English,Friday
Project Power,Superhero,8/14/2020,113,6.0,English,Friday
Rebecca,Romantic thriller,10/21/2020,123,6.0,English,Wednesday
The Christmas Chronicles: Part Two,Christmas comedy,11/25/2020,115,6.0,English,Wednesday
The Kissing Booth,Romantic comedy,5/11/2018,105,6.0,English,Friday
The Princess Switch,Romantic comedy,11/16/2018,101,6.0,English,Friday
To All the Boys: P.S. I Still Love You,Romantic comedy,2/12/2020,102,6.0,English,Wednesday
War Machine,War-Comedy,5/26/2017,122,6.0,English,Friday
6 Underground,Action,12/13/2019,128,6.1,English,Friday
Between Two Ferns: The Movie,Comedy,9/20/2019,82,6.1,English,Friday
Burning Sands,Drama,3/10/2017,102,6.1,English,Friday
Casting JonBenet,Documentary,4/28/2017,80,6.1,English,Friday
Deidra & Laney Rob a Train,Drama,3/17/2017,94,6.1,English,Friday
Finding 'Ohana,Family,1/29/2021,123,6.1,English,Friday
Holidate,Romantic comedy/Holiday,10/28/2020,104,6.1,English,Wednesday
Holiday in the Wild,Adventure-romance,11/1/2019,85,6.1,English,Friday
Hot Girls Wanted,Documentary,5/29/2015,84,6.1,English,Friday
Like Father,Comedy,8/3/2018,103,6.1,English,Friday
Lost Girls,Crime drama,3/13/2020,95,6.1,English,Friday
Otherhood,Comedy,8/2/2019,100,6.1,English,Friday
Pee-wee's Big Holiday,Adventure,3/18/2016,89,6.1,English,Friday
Rogue City,Crime drama,10/30/2020,116,6.1,French,Friday
Sergio,Biopic,4/17/2020,118,6.1,English,Friday
Stuck Apart,Drama,1/8/2021,96,6.1,Turkish,Friday
Tersanjung the Movie,Drama,4/1/2021,114,6.1,Indonesian,Thursday
The Killer,Western,11/10/2017,99,6.1,Portuguese,Friday
The Lovebirds,Romantic comedy,5/22/2020,87,6.1,English,Friday
The Most Hated Woman in America,Biopic,3/24/2017,92,6.1,English,Friday
The Perfection,Horror-thriller,5/24/2019,90,6.1,English,Friday
Tribhanga – Tedhi Medhi Crazy,Drama,1/15/2021,95,6.1,Hindi,Friday
Unknown Origins,Thriller,8/28/2020,96,6.1,Spanish,Friday
Work It,Dance comedy,8/7/2020,93,6.1,English,Friday
Alien Xmas,Stop Motion,11/20/2020,42,6.2,English,Friday
Baggio: The Divine Ponytail,Biopic,5/26/2021,92,6.2,Italian,Wednesday
Below Zero,Drama,1/29/2021,106,6.2,Spanish,Friday
Citation,Drama,11/6/2020,151,6.2,English,Friday
Crazy Awesome Teachers,Comedy-drama,8/17/2020,101,6.2,Indonesian,Monday
Have You Ever Seen Fireflies?,Comedy,4/9/2021,114,6.2,Turkish,Friday
High Flying Bird,Sports-drama,2/8/2019,90,6.2,English,Friday
In the Shadow of the Moon,Thriller,9/27/2019,115,6.2,English,Friday
Lost Bullet,Thriller,6/19/2020,92,6.2,French,Friday
Octonauts & the Caves of Sac Actun,Animation,8/14/2020,72,6.2,English,Friday
Offering to the Storm,Thriller,7/24/2020,139,6.2,Spanish,Friday
Roxanne Roxanne,Biopic,3/23/2018,98,6.2,English,Friday
Someone Great,Romantic comedy,4/19/2019,92,6.2,English,Friday
Spenser Confidential,Action comedy,3/6/2020,111,6.2,English,Friday
The Land of Steady Habits,Drama,9/14/2018,98,6.2,English,Friday
The Rachel Divide,Documentary,4/27/2018,104,6.2,English,Friday
Voyuer ,Documentary,12/1/2017,95,6.2,English,Friday
Win It All,Comedy,4/7/2017,88,6.2,English,Friday
A Tale of Two Kitchens,Documentary,5/22/2019,30,6.3,English/Spanish,Wednesday
Alex Strangelove,Romantic comedy,6/8/2018,99,6.3,English,Friday
Apostle,Horror-thriller,10/12/2018,129,6.3,English,Friday
Benji,Family film,3/16/2018,87,6.3,English,Friday
Bright,Urban fantasy,12/22/2017,117,6.3,English,Friday
Cargo,Drama/Horror,5/18/2018,104,6.3,English,Friday
Concrete Cowboy,Drama,4/2/2021,111,6.3,English,Friday
Feel the Beat,Family/Comedy-drama,6/19/2020,107,6.3,English,Friday
Get the Goat,Comedy,3/18/2021,97,6.3,Portuguese,Thursday
I Am Not an Easy Man,Romantic comedy,4/13/2018,98,6.3,French,Friday
June & Kopi,Drama,1/28/2021,90,6.3,Indonesian,Thursday
Music Teacher,Drama,4/19/2019,101,6.3,Hindi,Friday
Nail Bomber: Manhunt,Documentary,5/26/2021,72,6.3,English,Wednesday
Notes for My Son,Drama,11/24/2020,83,6.3,Spanish,Tuesday
Polar,Action,1/25/2019,118,6.3,English,Friday
Porta dos Fundos: The Last Hangover,Comedy,12/21/2018,44,6.3,Portuguese,Friday
Sand Castle,War,4/21/2017,113,6.3,English,Friday
Shimmer Lake,Crime thriller,6/9/2017,86,6.3,English,Friday
Spectral,Science fiction/Action,12/9/2016,108,6.3,English,Friday
The Babysitter,Teen comedy horror,10/13/2017,85,6.3,English,Friday
The Discovery,Science fiction/Drama,3/31/2017,102,6.3,English,Friday
The Forest of Love,Drama,10/11/2019,151,6.3,Japanese,Friday
The Laundromat,Comedy-drama,10/18/2019,98,6.3,English,Friday
The Legend of Cocaine Island,Documentary,3/29/2019,87,6.3,English,Friday
The Outsider,Crime drama,3/9/2018,120,6.3,English/Japanese,Friday
Time to Hunt,Thriller,4/23/2020,134,6.3,Korean,Thursday
To All the Boys: Always and Forever,Romantic comedy,2/12/2021,109,6.3,English,Friday
Travis Scott: Look Mom I Can Fly,Documentary,8/28/2019,85,6.3,English,Wednesday
Uncorked,Drama,3/27/2020,103,6.3,English,Friday
Anelka: Misunderstood,Documentary,8/5/2020,94,6.4,French,Wednesday
"Ariana Grande: Excuse Me, I Love You",Concert Film,12/21/2020,97,6.4,English,Monday
ARQ,Science fiction/Thriller,9/16/2016,88,6.4,English,Friday
Birders,Documentary,9/25/2019,37,6.4,English/Spanish,Wednesday
Como Caído del Cielo,Musical comedy,12/24/2019,112,6.4,Spanish,Tuesday
First Match,Sports-drama,3/30/2018,102,6.4,English,Friday
Fractured,Thriller,10/11/2019,100,6.4,English,Friday
Irreplaceable You,Drama,2/16/2018,96,6.4,English,Friday
Isi & Ossi,Romantic comedy,2/14/2020,113,6.4,German,Friday
John Was Trying to Contact Aliens,Documentary,8/20/2020,16,6.4,English,Thursday
Layla Majnun,Romantic drama,2/11/2021,119,6.4,Indonesian,Thursday
Murder to Mercy: The Cyntoia Brown Story,Documentary,4/29/2020,97,6.4,English,Wednesday
My Own Man,Documentary,12/13/2014,81,6.4,English,Saturday
Nappily Ever After,Comedy-drama,9/21/2018,98,6.4,English,Friday
Over the Moon,Animation/Musical/Adventure,10/23/2020,95,6.4,English,Friday
Street Flow,Drama,10/12/2019,96,6.4,French,Saturday
Strong Island,Documentary,9/15/2017,107,6.4,English,Friday
Sturgill Simpson Presents: Sound & Fury,Animation / Musicial,9/27/2019,41,6.4,English,Friday
Take Your Pills,Documentary,3/16/2018,87,6.4,English,Friday
The Heartbreak Club,Comedy-drama,1/14/2021,101,6.4,Indonesian,Thursday
The Mars Generation,Documentary,5/5/2017,97,6.4,English,Friday
The Occupant,Thriller,3/25/2020,103,6.4,Spanish,Wednesday
The Willoughbys,Animation/Comedy/Adventure,4/22/2020,90,6.4,English,Wednesday
Triple Frontier,Action-thriller,3/13/2019,125,6.4,English,Wednesday
Two Catalonias,Documentary,9/28/2018,116,6.4,Spanish/Catalan,Friday
Walk. Ride. Rodeo.,Drama,3/8/2019,99,6.4,English,Friday
Wheelman,Action thriller,10/20/2017,82,6.4,English,Friday
When We First Met,Romantic comedy,2/9/2018,97,6.4,English,Friday
A 3 Minute Hug,Documentary,10/28/2019,28,6.5,English/Spanish,Monday
All the Bright Places,Romance,2/28/2020,108,6.5,English,Friday
All Together Now,Drama,8/28/2020,93,6.5,English,Friday
Altered Carbon: Resleeved,Anime/Science fiction,3/19/2020,74,6.5,Japanese,Thursday
Antoine Griezmann: The Making of a Legend,Documentary,3/21/2019,60,6.5,French,Thursday
Canvas ,Animation / Short,12/11/2020,9,6.5,English,Friday
Chadwick Boseman: Portrait of an Artist,Documentary,4/17/2021,21,6.5,English,Saturday
Chopsticks,Comedy,5/31/2019,100,6.5,Hindi,Friday
Da 5 Bloods,War drama,6/12/2020,155,6.5,English,Friday
Dolly Parton: A MusiCares Tribute,Documentary,4/7/2021,55,6.5,English,Wednesday
Eurovision Song Contest: The Story of Fire Saga,Musical comedy,6/26/2020,123,6.5,English,Friday
Gerald's Game,Horror thriller,9/29/2017,103,6.5,English,Friday
His House,Thriller,10/30/2020,93,6.5,English,Friday
Jingle Jangle: A Christmas Journey,Family/Christmas musical,11/13/2020,119,6.5,English,Friday
Life Overtakes Me,Documentary,6/14/2019,40,6.5,English/Swedish,Friday
Lust Stories,Drama,6/15/2018,120,6.5,Hindi,Friday
Monster,Drama,5/7/2021,98,6.5,English,Friday
Mowgli: Legend of the Jungle,Adventure,12/7/2018,104,6.5,English,Friday
Nobody Knows I'm Here,Drama,6/24/2020,91,6.5,Spanish,Wednesday
Nobody Speak: Trials of the Free Press,Documentary,6/23/2017,95,6.5,English,Friday
Oxygen,Science fiction thriller,5/12/2021,101,6.5,French,Wednesday
Set It Up,Romantic comedy,6/15/2018,105,6.5,English,Friday
The Incredible Jessica James,Comedy,7/28/2017,83,6.5,English,Friday
Tigertail,Drama,4/10/2020,91,6.5,English/Taiwanese/Mandarin,Friday
Tramps,Romance,4/21/2017,83,6.5,English,Friday
What Did Jack Do?,Drama / Short,1/20/2020,17,6.5,English,Monday
Bad Trip,Hidden-camera prank comedy,3/26/2021,86,6.6,English,Friday
Bird Box,Psychological thriller,12/21/2018,124,6.6,English,Friday
Bulbbul,Horror,6/24/2020,94,6.6,Hindi,Wednesday
Crazy About Her,Romantic comedy,2/26/2021,102,6.6,Spanish,Friday
Elisa & Marcela,Romance,6/7/2019,118,6.6,Spanish,Friday
I'll Sleep When I'm Dead,Documentary,8/19/2016,79,6.6,English,Friday
I'm Thinking of Ending Things,Psychological thriller,9/4/2020,134,6.6,English,Friday
It Takes a Lunatic,Documentary,10/25/2019,126,6.6,English,Friday
Milestone,Drama,5/7/2021,98,6.6,Hindi,Friday
Recovery Boys,Documentary,6/29/2018,89,6.6,English,Friday
ReMastered: Who Killed Jam Master Jay?,Documentary,12/7/2018,58,6.6,English,Friday
Shawn Mendes: In Wonder,Documentary,11/23/2020,83,6.6,English,Monday
Space Sweepers,Science fiction,2/5/2021,136,6.6,Korean,Friday
The American Meme,Documentary,12/7/2018,98,6.6,English,Friday
The Angel,Spy thriller,9/14/2018,114,6.6,English,Friday
The Crimes That Bind,Crime drama,8/20/2020,99,6.6,Spanish,Thursday
The Red Sea Diving Resort,Spy thriller,7/31/2019,130,6.6,English,Wednesday
What Would Sophia Loren Do?,Documentary,1/15/2021,32,6.6,English,Friday
A Whisker Away,Anime/Fantasy,6/18/2020,104,6.7,Japanese,Thursday
Ajeeb Daastaans,Drama,4/16/2021,142,6.7,Hindi,Friday
Arlo the Alligator Boy,Animated musical comedy,4/16/2021,92,6.7,English,Friday
"Bikram: Yogi, Guru, Predator",Documentary,11/20/2019,86,6.7,English,Wednesday
Blame!,Anime/Science fiction,5/20/2017,106,6.7,Japanese,Saturday
Blue Miracle,Drama,5/27/2021,95,6.7,English,Thursday
CounterPunch ,Documentary,6/16/2017,91,6.7,English,Friday
"Crack: Cocaine, Corruption & Conspiracy",Documentary,1/11/2021,89,6.7,English,Monday
Extraction,Action,4/24/2020,117,6.7,English,Friday
Giving Voice,Documentary,12/11/2020,90,6.7,English,Friday
Hillbilly Elegy,Drama,11/24/2020,117,6.7,English,Tuesday
Hope Frozen: A Quest to Live Twice,Documentary,9/15/2020,80,6.7,Thia/English,Tuesday
Imperial Dreams,Drama,2/3/2017,87,6.7,English,Friday
Just Another Christmas,Comedy,12/3/2020,101,6.7,Portuguese,Thursday
Little Miss Sumo,Documentary,10/28/2019,19,6.7,Japanese,Monday
Malcolm & Marie,Romantic drama,2/5/2021,106,6.7,English,Friday
"Michael Bolton's Big, Sexy, Valentine's Day Special",Variety Show,2/7/2017,54,6.7,English,Tuesday
Moxie,Drama,3/3/2021,111,6.7,English,Wednesday
Night in Paradise,Drama,4/9/2021,132,6.7,Korean,Friday
Paper Lives,Drama,3/12/2021,97,6.7,Turkish,Friday
Parchis: The Documentary,Documentary,7/10/2019,106,6.7,Spanish,Wednesday
Tallulah,Comedy-drama,7/29/2016,111,6.7,English,Friday
The Old Guard,Superhero/Action,7/10/2020,124,6.7,English,Friday
Tony Robbins: I Am Not Your Guru,Documentary,7/15/2016,116,6.7,English,Friday
Upstarts,Drama,10/18/2019,112,6.7,Hindi,Friday
7 años,Drama,10/28/2016,76,6.8,Spanish,Friday
A Futile and Stupid Gesture,Biographical/Comedy,1/26/2018,101,6.8,English,Friday
A Life of Speed: The Juan Manuel Fangio Story,Documentary,3/20/2020,92,6.8,Spanish,Friday
A Love Song for Latasha,Documentary,9/21/2020,19,6.8,English,Monday
All in My Family,Documentary,5/3/2019,39,6.8,English/Mandarin,Friday
Always Be My Maybe,Romantic comedy,5/31/2019,102,6.8,English,Friday
Becoming,Documentary,5/6/2020,89,6.8,English,Wednesday
Long Live Brij Mohan,Comedy,8/3/2018,105,6.8,Hindi,Friday
Calibre,Thriller,6/29/2018,101,6.8,English,Friday
Death to 2020,Comedy,12/27/2020,70,6.8,English,Sunday
GIMS: On the Record,Documentary,9/17/2020,96,6.8,French,Thursday
Have a Good Trip: Adventures in Psychedelics,Documentary,5/11/2020,85,6.8,English,Monday
Heroin(e) ,Documentary,9/12/2017,39,6.8,English,Tuesday
Mercury 13,Documentary,4/20/2018,79,6.8,English,Friday
Saving Capitalism,Documentary,11/21/2017,73,6.8,English,Tuesday
Serious Men,Drama,10/2/2020,114,6.8,Hindi,Friday
The Boys in the Band,Drama,9/30/2020,121,6.8,English,Wednesday
The Boys in the Band: Something Personal,Aftershow / Interview,9/30/2020,28,6.8,English,Wednesday
The Life Ahead,Drama,11/13/2020,95,6.8,Italian,Friday
The Other Side of the Wind,Drama,11/2/2018,122,6.8,English,Friday
The Trader,Documentary,2/9/2018,23,6.8,Georgian,Friday
To the Bone,Drama,7/14/2017,107,6.8,English,Friday
Tony Parker: The Final Shot,Documentary,1/6/2021,98,6.8,French,Wednesday
AK vs AK,Thriller,12/24/2020,108,6.9,Hindi,Thursday
Amanda Knox,Documentary,9/30/2016,92,6.9,English,Friday
Bigflo & Oil: Hip Hop Frenzy,Documentary,10/8/2020,100,6.9,French,Thursday
Biggie: I Got a Story to Tell,Documentary,3/1/2021,97,6.9,English,Monday
Cops and Robbers,Animation / Short,12/28/2020,7,6.9,English,Monday
I Don't Feel at Home in This World Anymore,Drama,2/24/2017,96,6.9,English,Friday
Laerte-se,Documentary,5/19/2017,100,6.9,Portuguese,Friday
Mank,Biopic,12/4/2020,132,6.9,English,Friday
Our Souls at Night,Romance,9/29/2017,103,6.9,English,Friday
Outlaw King,Historical-epic,11/9/2018,121,6.9,English,Friday
Pagglait,Comedy-drama,3/26/2021,114,6.9,Hindi,Friday
ReMastered: Who Shot the Sheriff?,Documentary,10/12/2018,57,6.9,English,Friday
Seeing Allred,Documentary,2/9/2018,95,6.9,English,Friday
Spelling the Dream,Documentary,6/3/2020,83,6.9,English,Wednesday
The Claudia Kishi Club,Documentary,7/10/2020,17,6.9,English,Friday
The Half of It,Romance,5/1/2020,105,6.9,English,Friday
The Highwaymen,Crime drama,3/29/2019,131,6.9,English,Friday
The Lonely Island Presents: The Unauthorized Bash Brothers Experience,Comedy / Musical,5/23/2019,30,6.9,English,Thursday
The Meyerowitz Stories (New and Selected),Comedy-drama,10/13/2017,112,6.9,English,Friday
Feminists: What Were They Thinking?,Documentary,10/12/2018,86,7.0,English,Friday
Gaga: Five Foot Two,Documentary,9/22/2017,100,7.0,English,Friday
I'm No Longer Here: A Discussion with Guillermo del Toro and Alfonso Cuaron,Aftershow / Interview,11/3/2020,14,7.0,English,Tuesday
Kingdom of Us,Documentary,10/13/2017,109,7.0,English,Friday
"Lorena, Light-Footed Woman",Documentary,11/20/2019,28,7.0,Spanish,Wednesday
Los Tigres del Norte at Folsom Prison,Documentary,9/15/2019,64,7.0,Spanish,Sunday
Ma Rainey's Black Bottom,Drama,12/18/2020,94,7.0,English,Friday
Ma Rainey's Black Bottom: A Legacy Brought to Screen,Aftershow / Interview,12/18/2020,31,7.0,English,Friday
Operation Varsity Blues: The College Admissions Scandal,Documentary,3/17/2021,99,7.0,English,Wednesday
Pele,Documentary,2/23/2021,108,7.0,English,Tuesday
ReMastered: Devil at the Crossroads,Documentary,4/26/2019,48,7.0,English,Friday
ReMastered: The Lion's Share,Documentary,5/17/2019,84,7.0,English,Friday
ReMastered: The Miami Showband Massacre,Documentary,3/22/2019,70,7.0,English,Friday
Resurface,Documentary,9/1/2017,27,7.0,English,Friday
Rocko's Modern Life: Static Cling,Animation / Comedy,8/9/2019,45,7.0,English,Friday
Rose Island,Comedy,12/9/2020,117,7.0,Italian,Wednesday
The Christmas Chronicles,Christmas/Fantasy/Adventure/Comedy,11/22/2018,104,7.0,English,Thursday
The Dirt,Biopic,3/22/2019,108,7.0,English,Friday
The Night Comes for Us,Action-thriller,10/19/2018,121,7.0,Indonesian,Friday
13th: A Conversation with Oprah Winfrey & Ava DuVernay,Aftershow / Interview,1/26/2017,36,7.1,English,Thursday
Angela's Christmas,Animation,11/30/2018,30,7.1,English,Friday
Angela's Christmas Wish,Animation,12/1/2020,47,7.1,English,Tuesday
Beats,Drama,6/19/2019,110,7.1,English,Wednesday
Circus of Books,Documentary,4/22/2020,92,7.1,English,Wednesday
Dance Dreams: Hot Chocolate Nutcracker,Documentary,11/27/2020,80,7.1,English,Friday
Derren Brown: Sacrifice,Mentalism special,10/19/2018,49,7.1,English,Friday
El Pepe: A Supreme Life,Documentary,12/27/2019,73,7.1,Spanish,Friday
End Game,Documentary,5/4/2018,40,7.1,English,Friday
Evelyn,Documentary,9/10/2019,96,7.1,English,Tuesday
Ferry,Crime drama,5/14/2021,106,7.1,Dutch,Friday
Grass Is Greener,Documentary,4/20/2019,97,7.1,English,Saturday
Guillermo Vilas: Settling the Score,Documentary,10/27/2020,94,7.1,Spanish,Tuesday
Joshua: Teenager vs. Superpower,Documentary,5/26/2017,78,7.1,English,Friday
Keith Richards: Under the Influence,Documentary,9/18/2015,81,7.1,English,Friday
Knock Down the House,Documentary,5/1/2019,87,7.1,English,Wednesday
Loudon Wainwright III: Surviving Twin,One-man show,11/13/2018,91,7.1,English,Tuesday
My Beautiful Broken Brain,Documentary,3/18/2016,91,7.1,English,Friday
One of Us,Documentary,10/20/2017,95,7.1,English,Friday
Pieces of a Woman,Drama,1/7/2021,126,7.1,English,Thursday
"Ram Dass, Going Home",Documentary,4/6/2018,31,7.1,English,Friday
ReMastered: Tricky Dick & the Man in Black,Documentary,11/2/2018,58,7.1,English,Friday
Rooting for Roona,Documentary,10/15/2020,41,7.1,Bengali,Thursday
The Devil All the Time,Psychological thriller,9/16/2020,138,7.1,English,Wednesday
The Dig,Drama,1/29/2021,112,7.1,English,Friday
The Great Hack,Documentary,7/24/2019,114,7.1,English,Wednesday
The White Tiger,Drama,1/22/2021,125,7.1,English,Friday
To All the Boys I've Loved Before,Romantic comedy,8/17/2018,99,7.1,English,Friday
American Murder: The Family Next Door,Documentary,9/30/2020,82,7.2,English,Wednesday
Audrie & Daisy,Documentary,9/23/2016,98,7.2,English,Friday
First They Killed My Father,Drama,9/15/2017,136,7.2,Khmer/English/French,Friday
Fyre: The Greatest Party That Never Happened,Documentary,1/18/2019,97,7.2,English,Friday
Into the Inferno,Documentary,10/28/2016,107,7.2,English,Friday
LA Originals,Documentary,4/10/2020,92,7.2,English,Friday
Ladies First,Documentary,3/8/2018,39,7.2,English/Hindi,Thursday
Love per Square Foot,Romantic comedy,2/14/2018,133,7.2,Hindi,Wednesday
Paddleton,Drama-Comedy,2/22/2019,89,7.2,English,Friday
Private Life,Drama,10/5/2018,124,7.2,English,Friday
Seventeen,Coming-of-age comedy-drama,10/18/2019,99,7.2,Spanish,Friday
Sometimes,Drama,5/1/2018,101,7.2,Tamil,Tuesday
Soni,Crime drama,1/18/2019,97,7.2,Hindi,Friday
The 40-Year-Old Version,Comedy,10/9/2020,124,7.2,English,Friday
The Disciple,Drama,4/30/2021,129,7.2,Marathi,Friday
The Edge of Democracy,Documentary,6/19/2019,121,7.2,Portuguese,Wednesday
The King,Historical drama,11/1/2019,140,7.2,English,Friday
The Road to El Camino: A Breaking Bad Movie,Making-of,10/29/2019,13,7.2,English,Tuesday
The Siege of Jadotville,War,10/7/2016,108,7.2,English,Friday
Zion ,Documentary,8/10/2018,11,7.2,English,Friday
Dolemite Is My Name,Biopic,10/25/2019,118,7.3,English,Friday
El Camino: A Breaking Bad Movie,Crime drama,10/11/2019,121,7.3,English,Friday
Extremis,Documentary,9/13/2016,24,7.3,English,Tuesday
Father Soldier Son,Documentary,7/17/2020,100,7.3,English,Friday
Get Me Roger Stone,Documentary,5/12/2017,101,7.3,English,Friday
I'm No Longer Here,Drama,5/27/2020,105,7.3,Spanish,Wednesday
Mucho Mucho Amor: The Legend of Walter Mercado ,Documentary,7/8/2020,96,7.3,Spanish/English,Wednesday
Octonauts & the Great Barrier Reef,Animation,10/13/2020,47,7.3,English,Tuesday
Okja,Action-adventure,6/28/2017,121,7.3,English/Korean,Wednesday
On My Skin,Crime drama,9/12/2018,100,7.3,Italian,Wednesday
Raat Akeli Hai,Thriller,7/31/2020,149,7.3,Hindi,Friday
ReMastered: Massacre at the Stadium,Documentary,1/11/2019,64,7.3,English/Spanish,Friday
ReMastered: The Two Killings of Sam Cooke,Documentary,2/8/2019,64,7.3,English,Friday
Secrets of the Saqqara Tomb,Documentary,10/28/2020,114,7.3,English/Arabic,Wednesday
Sitara: Let Girls Dream,Animation / Short,3/8/2020,15,7.3,English,Sunday
Sky Ladder: The Art of Cai Guo-Qiang,Documentary,10/14/2016,79,7.3,English/Mandarin,Friday
Team Foxcatcher,Documentary,4/29/2016,90,7.3,English/Russian,Friday
The Ballad of Buster Scruggs,Western,11/16/2018,132,7.3,English,Friday
The Death and Life of Marsha P. Johnson,Documentary,10/6/2017,105,7.3,English,Friday
The Fundamentals of Caring,Comedy-drama,6/24/2016,97,7.3,English,Friday
The Other One: The Long Strange Trip of Bob Weir,Documentary,5/22/2015,83,7.3,English,Friday
American Factory,Documentary,8/21/2019,110,7.4,English,Wednesday
Fire in Paradise,Documentary,11/1/2019,39,7.4,English,Friday
Long Shot,Documentary,9/29/2017,40,7.4,English,Friday
Miss Americana,Documentary,1/31/2020,85,7.4,English,Friday
Period. End of Sentence.,Documentary,2/12/2019,26,7.4,English/Hindi,Tuesday
Shawn Mendes: Live in Concert,Concert Film,11/25/2020,87,7.4,English,Wednesday
Shirkers,Documentary,10/26/2018,97,7.4,English,Friday
The Black Godfather,Documentary,6/7/2019,118,7.4,English,Friday
The Irishman: In Conversation,Aftershow / Interview,11/27/2019,23,7.4,English,Wednesday
The Speed Cubers,Documentary,7/29/2020,40,7.4,English,Wednesday
They'll Love Me When I'm Dead,Documentary,11/2/2018,98,7.4,English,Friday
Tig,Documentary,7/17/2015,80,7.4,English,Friday
"Barbra: The Music, The Mem'ries, The Magic!",Concert Film,11/22/2017,108,7.5,English,Wednesday
Blackpink: Light Up the Sky,Documentary,10/14/2020,79,7.5,Korean,Wednesday
City of Joy,Documentary,9/7/2018,74,7.5,English,Friday
Dick Johnson Is Dead,Documentary,10/2/2020,90,7.5,English,Friday
Homecoming: A Film by Beyonce ,Documentary,4/17/2019,137,7.5,English,Wednesday
Invader Zim: Enter the Florpus,Animation / Science Fiction,8/16/2019,71,7.5,English,Friday
Joan Didion: The Center Will Not Hold,Documentary,10/27/2017,98,7.5,English,Friday
John Mulaney & the Sack Lunch Bunch,Variety show,12/24/2019,70,7.5,English,Tuesday
Reversing Roe,Documentary,9/13/2018,99,7.5,English,Thursday
The White Helmets,Documentary,9/16/2016,40,7.5,English,Friday
Athlete A,Documentary,6/24/2020,104,7.6,English,Wednesday
Ludo,Anthology/Dark comedy,11/12/2020,149,7.6,Hindi,Thursday
Quincy,Documentary,9/21/2018,124,7.6,English,Friday
Rolling Thunder Revue: A bob Dylan Story by Martin Scorsere,Documentary,6/12/2019,144,7.6,English,Wednesday
Tell Me Who I Am,Documentary,10/18/2019,85,7.6,English,Friday
The Bleeding Edge,Documentary,7/27/2018,100,7.6,English,Friday
The Social Dilemma,Documentary,9/9/2020,94,7.6,English,Wednesday
The Two Popes,Drama,12/20/2019,125,7.6,English,Friday
"What Happened, Miss Simone?",Documentary,6/26/2015,84,7.6,English,Friday
Yeh Ballet,Drama,2/21/2020,117,7.6,Hindi,Friday
Anima,Musical / Short,6/27/2019,15,7.7,English,Thursday
Beasts of No Nation,War drama,10/16/2015,136,7.7,English/Akan,Friday
Brene Brown: The Call to Courage,Documentary,4/19/2019,76,7.7,English,Friday
Crip Camp: A Disability Revolution,Documentary,3/25/2020,108,7.7,English,Wednesday
"Jim & Andy: The Great Beyond - Featuring a Very Special, Contractually Obligated Mention of Tony Cliffton ",Documentary,11/17/2017,94,7.7,English,Friday
Justin Timberlake + The Tennessee Kids,Concert Film,10/12/2016,90,7.7,English,Wednesday
Road to Roma,Making-of,2/11/2020,72,7.7,Spanish,Tuesday
Roma,Drama,12/14/2018,135,7.7,Spanish,Friday
If Anything Happens I Love You,Animation / Short,11/20/2020,12,7.8,English,Friday
The Irishman,Crime drama,11/27/2019,209,7.8,English,Wednesday
The Trial of the Chicago 7,Drama,10/16/2020,130,7.8,English,Friday
A Secret Love,Documentary,4/29/2020,82,7.9,English,Wednesday
Icarus,Documentary,8/4/2017,120,7.9,English,Friday
Marriage Story,Drama,12/6/2019,136,7.9,English,Friday
The Ivory Game,Documentary,11/4/2016,112,7.9,English,Friday
Struggle: The Life and Lost Art of Szukaiski,Documentary,12/21/2018,105,8.0,English,Friday
Chasing Coral ,Documentary,7/14/2017,89,8.1,English,Friday
My Octopus Teacher,Documentary,9/7/2020,85,8.1,English,Monday
Rising Phoenix,Documentary,8/26/2020,106,8.1,English,Wednesday
13th,Documentary,10/7/2016,100,8.2,English,Friday
Disclosure: Trans Lives on Screen,Documentary,6/19/2020,107,8.2,English,Friday
Klaus,Animation/Christmas/Comedy/Adventure,11/15/2019,97,8.2,English,Friday
Seaspiracy,Documentary,3/24/2021,89,8.2,English,Wednesday
The Three Deaths of Marisela Escobedo,Documentary,10/14/2020,109,8.2,Spanish,Wednesday
Cuba and the Cameraman ,Documentary,11/24/2017,114,8.3,English,Friday
Dancing with the Birds,Documentary,10/23/2019,51,8.3,English,Wednesday
Ben Platt: Live from Radio City Music Hall,Concert Film,5/20/2020,85,8.4,English,Wednesday
Taylor Swift: Reputation Stadium Tour,Concert Film,12/31/2018,125,8.4,English,Monday
Winter on Fire: Ukraine's Fight for Freedom,Documentary,10/9/2015,91,8.4,English/Ukranian/Russian,Friday
Springsteen on Broadway,One-man show,12/16/2018,153,8.5,English,Sunday
Emicida: AmarElo - It's All For Yesterday,Documentary,12/8/2020,89,8.6,Portuguese,Tuesday
David Attenborough: A Life on Our Planet,Documentary,10/4/2020,83,9.0,English,Sunday
